<?xml version="1.0" encoding="UTF-8"?>
<!DOCTYPE mapper
  PUBLIC "-//mybatis.org//DTD Mapper 3.0//EN"
  "http://mybatis.org/dtd/mybatis-3-mapper.dtd">
<mapper namespace="upFile">
	<!-- 1. 지정번호의 첨부파일 개수 얻기 -->
	<select id="selectCountByRef" parameterType="int" resultType="int">
		select count(*) from upFile where board_idx=#{board_idx}
	</select>
	<!-- 2. 지정번호의 첨부파일 목록 얻기 -->
	<select id="selectListByRef" parameterType="int" resultType="upFileVO">
		select * from upFile where board_idx=#{board_idx}
	</select>	
	<!-- 3. 저장 -->
	<insert id="insert" parameterType="upFileVO">
		insert into 
			upFile
		values
			(upFile_idx_seq.nextval, #{board_idx},#{user_idx},#{ofileName},#{sfileName})
	</insert>
	<!-- 4. 삭제 -->
	<delete id="delete" parameterType="int">
		delete from upFile where file_idx=#{file_idx}
	</delete>
	<!-- 5. 1개 얻기 -->
	<select id="selectByIdx" parameterType="int" resultType="upFileVO">
		select * from upFile where file_idx=#{file_idx}
	</select>
</mapper>
