<?xml version="1.0" encoding="UTF-8"?>
<!DOCTYPE mapper
  PUBLIC "-//mybatis.org//DTD Mapper 3.0//EN"
  "http://mybatis.org/dtd/mybatis-3-mapper.dtd">
<mapper namespace="twBoard">
	<!-- 1. 개수얻기 -->
	<select id="selectCount" resultType="int">
		select count(*) from twBoard
	</select>
	
	<!-- 2. 1개 얻기 -->
	<select id="selectByIdx" parameterType="int" resultType="twboardVO">
		select * from twBoard where board_idx=#{board_idx}
	</select>
	
	<!-- 3. 1페이지 얻기 -->
	<select id="selectList" parameterType="hashmap" resultType="twboardVO">	
		select
			R.*
		from
			( select 
				rownum rnum, Q.*
			  from	
				(select * from twBoard where category='travel' order by board_idx desc) Q
			  where
			  	<![CDATA[
			  	rownum  <= #{endNo}
			  	]]>
			) R
		where
			<![CDATA[
			rnum  >= #{startNo}
			]]>
	</select>


	<!-- 4. 저장 -->
	<insert id="insert" parameterType="twboardVO">
		insert into twBoard 
			(board_idx,category,subject,pay,content,address,clickCount,likeCount,commentCount,regDate,user_idx)
		values
			(twBoard_idx_seq.nextval,'travel',#{subject},#{pay},#{content},#{address},0,0,0,SYSDATE,#{user_idx})			
	</insert>
	
	<!-- 5. 수정 -->
	<update id="update" parameterType="twboardVO">
		update twBoard set pay=#{pay}, address = #{address}, subject=#{subject}, content=#{content}, regDate=SYSDATE where board_idx=#{board_idx} and user_idx{user_idx} 
	</update>
	
	<!-- 6. 삭제 -->
	<delete id="delete" parameterType="int">
		delete from twBoard where board_idx=#{board_idx}
	</delete>
	
	<!-- 7. 가장 최근에 저방된 글번호 읽어오기 -->
	<select id="selectMaxIdx" resultType="int">
		select max(board_idx) from twBoard where category = 'travel'
	</select>
</mapper>
