<?xml version="1.0" encoding="UTF-8"?>
<!DOCTYPE mapper
  PUBLIC "-//mybatis.org//DTD Mapper 3.0//EN"
  "http://mybatis.org/dtd/mybatis-3-mapper.dtd">
<mapper namespace="comment">
	
	<!-- 1. 지정 번호의 댓글의 개수 구하기 -->
	<select id="selectCount" parameterType="int" resultType="int">
		select count(*) from commentBoard where board_idx=#{board_idx}
	</select>
	
	<!-- 2. 지정 번호의 댓글 리스트 구하기 -->
	<select id="selectList" parameterType="int" resultType="commentBoardVO">
		select * from commentBoard where board_idx=#{board_idx}
	</select>
	
	<!-- 3. 1개 얻기 -->
	<select id="selectByIdx" parameterType="int" resultType="commentBoardVO">
		select * from commentBoard where comment_idx=#{comment_idx }
	</select>
	
	<!-- 4. 저장 -->
	<insert id="insert" parameterType="commentBoardVO" >
		insert into commentBoard (comment_idx, board_idx, user_idx, id, content, regDate, category)
			values(comment_idx_seq.nextval, #{board_idx}, #{user_idx}, #{id}, #{content}, sysdate, #{category} )
	</insert>
	
	<!-- 5. 수정 -->
	<update id="update" parameterType="commentBoardVO">
		update commentBoard set content=#{content}, regDate=now() where comment_idx=#{comment_idx}
	
	</update>
	
	<!-- 6. 삭제 -->
	<delete id="delete" parameterType="int">
		delete from commentBoard where comment_idx=#{comment_idx}
	</delete>
	
	<!-- 7. 지정 번호의 댓글 모두 지우기 -->
	<delete id="deleteByRef" parameterType="int">
		delete from commentBoard where board_idx=#{board_idx}
	</delete>
	
	
</mapper>
